Index,Variant,"Region, subregion, country or area *",Notes,Country code,Type,Parent code,1950-1955,1955-1960,1960-1965,1965-1970,1970-1975,1975-1980,1980-1985,1985-1990,1990-1995,1995-2000,2000-2005,2005-2010,2010-2015,2015-2020
1,Estimates,WORLD,,900,World,0,4.97,4.9,5.02,4.93,4.47,3.86,3.59,3.44,3.01,2.78,2.65,2.58,2.52,2.47
3,Estimates,More developed regions,b,901,Development Group,1803,2.82,2.79,2.66,2.38,2.16,1.92,1.84,1.81,1.67,1.57,1.58,1.68,1.67,1.64
4,Estimates,Less developed regions,c,902,Development Group,1803,6.08,5.94,6.13,6.04,5.41,4.58,4.16,3.9,3.34,3.04,2.87,2.75,2.66,2.59
5,Estimates,Least developed countries,d,941,Development Group,902,6.53,6.6,6.7,6.76,6.75,6.67,6.53,6.17,5.75,5.38,5,4.65,4.31,4
6,Estimates,"Less developed regions, excluding least developed countries",e,934,Development Group,902,6.02,5.85,6.05,5.95,5.23,4.31,3.87,3.63,3.04,2.74,2.57,2.46,2.38,2.33
7,Estimates,"Less developed regions, excluding China",,948,Development Group,1803,6.06,6.14,6.13,5.97,5.67,5.27,4.92,4.46,4.01,3.64,3.36,3.15,2.97,2.84
8,Estimates,Land-locked Developing Countries (LLDC),f,1636,Special other,1803,6.22,6.31,6.41,6.28,6.24,6.13,6.04,5.89,5.55,5.22,4.88,4.63,4.33,3.98
9,Estimates,Small Island Developing States (SIDS),g,1637,Special other,1803,5.55,5.51,5.65,5.11,4.53,3.86,3.63,3.36,3.1,2.93,2.78,2.65,2.55,2.45
11,Estimates,High-income countries,h,1503,Income Group,1802,2.99,3.01,2.94,2.65,2.34,2.06,1.94,1.85,1.82,1.73,1.71,1.76,1.72,1.67
12,Estimates,Middle-income countries,h,1517,Income Group,1802,5.68,5.53,5.7,5.63,5.04,4.24,3.85,3.63,3.04,2.74,2.57,2.47,2.39,2.35
13,Estimates,Upper-middle-income countries,h,1502,Income Group,1517,5.57,5.21,5.54,5.5,4.59,3.41,2.98,2.95,2.22,1.96,1.85,1.83,1.87,1.9
14,Estimates,Lower-middle-income countries,h,1501,Income Group,1517,5.82,5.9,5.9,5.8,5.59,5.23,4.91,4.46,4.01,3.62,3.33,3.09,2.86,2.71
15,Estimates,Low-income countries,h,1500,Income Group,1802,6.42,6.57,6.54,6.66,6.68,6.61,6.6,6.45,6.2,5.93,5.61,5.29,4.91,4.52
16,Estimates,No income group available,,1518,Income Group,1802,6.1,6.04,5.97,5.46,4.36,3.53,3.07,2.96,2.68,2.6,2.62,2.61,2.58,2.49
18,Estimates,Africa,j,903,Region,1840,6.57,6.62,6.7,6.71,6.7,6.64,6.5,6.19,5.72,5.35,5.08,4.9,4.73,4.44
19,Estimates,Asia,k,935,Region,1840,5.83,5.59,5.8,5.75,5.06,4.1,3.69,3.5,2.9,2.61,2.45,2.33,2.21,2.15
20,Estimates,Europe,l,908,Region,1840,2.66,2.66,2.57,2.37,2.17,1.98,1.88,1.81,1.57,1.43,1.43,1.56,1.6,1.61
21,Estimates,Latin America and the Caribbean,m,904,Region,1840,5.83,5.85,5.83,5.46,4.92,4.44,3.94,3.45,3.08,2.77,2.49,2.26,2.14,2.04
22,Estimates,Northern America,n,905,Region,1840,3.34,3.61,3.28,2.55,2.02,1.77,1.79,1.88,2,1.95,1.99,2.01,1.85,1.75
23,Estimates,Oceania,o,909,Region,1840,3.89,4.1,3.97,3.59,3.25,2.76,2.63,2.53,2.52,2.48,2.46,2.54,2.44,2.36
25,Estimates,SUB-SAHARAN AFRICA,,947,SDG region,1828,6.51,6.55,6.64,6.68,6.76,6.78,6.72,6.52,6.17,5.88,5.64,5.4,5.1,4.72
26,Estimates,Eastern Africa,,910,Subregion,947,6.99,6.99,7.08,7.1,7.14,7.11,7,6.78,6.38,6.09,5.76,5.38,4.9,4.43
27,Estimates,Burundi,,108,Country/Area,910,6.8,6.86,7.05,7.23,7.26,7.4,7.38,7.46,7.3,7.05,6.77,6.39,5.95,5.45
28,Estimates,Comoros,,174,Country/Area,910,6,6.6,6.91,7.05,7.05,7.05,7.05,6.7,6.1,5.6,5.2,4.9,4.6,4.24
29,Estimates,Djibouti,,262,Country/Area,910,6.31,6.39,6.55,6.71,6.85,6.64,6.45,6.18,5.85,4.81,4.21,3.55,3.1,2.76
30,Estimates,Eritrea,,232,Country/Area,910,6.97,6.97,6.82,6.7,6.62,6.62,6.7,6.6,6.3,5.6,5.1,4.8,4.35,4.1
31,Estimates,Ethiopia,,231,Country/Area,910,7.17,6.9,6.9,6.87,7.1,7.18,7.42,7.37,7.09,6.83,6.18,5.45,4.85,4.3
32,Estimates,Kenya,,404,Country/Area,910,7.48,7.79,8.07,8.11,7.99,7.64,7.22,6.54,5.65,5.35,5,4.65,4.06,3.52
33,Estimates,Madagascar,,450,Country/Area,910,7.3,7.3,7.3,7.3,7.2,6.95,6.5,6.25,6.1,5.8,5.28,4.83,4.4,4.11
34,Estimates,Malawi,,454,Country/Area,910,6.85,6.9,7,7.2,7.4,7.6,7.6,7.25,6.5,6.2,6,5.73,4.88,4.25
35,Estimates,Mauritius,1,480,Country/Area,910,5.9,5.9,6.2,4.61,3.47,3.11,2.3,2.31,2.25,2.03,1.93,1.7,1.49,1.39
36,Estimates,Mayotte,2,175,Country/Area,910,7.91,7.91,7.91,7.91,7.91,7.91,7.35,6.73,5.25,5.08,4.8,4.6,4.1,3.73
37,Estimates,Mozambique,,508,Country/Area,910,6.34,6.34,6.56,6.71,6.68,6.55,6.4,6.3,6.1,5.85,5.8,5.54,5.23,4.89
38,Estimates,Réunion,2,638,Country/Area,910,6.93,6.57,6.56,5.67,3.88,3.12,2.78,2.71,2.41,2.33,2.45,2.4,2.4,2.27
39,Estimates,Rwanda,,646,Country/Area,910,8,8.15,8.2,8.2,8.28,8.43,8.38,7.8,6.55,5.9,5.4,4.85,4.25,4.1
40,Estimates,Seychelles,,690,Country/Area,910,5,5,5.59,5.92,5.38,4.27,3.51,2.94,2.57,2.18,2.2,2.3,2.38,2.46
41,Estimates,Somalia,,706,Country/Area,910,7.25,7.25,7.25,7.25,7.1,7,7.07,7.26,7.53,7.7,7.47,7.1,6.61,6.12
42,Estimates,South Sudan,,728,Country/Area,910,6.65,6.7,6.75,6.85,6.9,6.92,6.78,6.83,6.65,6.42,6,5.6,5.15,4.74
43,Estimates,Uganda,,800,Country/Area,910,6.9,6.95,7.05,7.12,7.1,7.1,7.1,7.1,7.06,6.95,6.75,6.38,5.78,5.01
44,Estimates,United Republic of Tanzania,3,834,Country/Area,910,6.74,6.8,6.8,6.79,6.75,6.73,6.55,6.36,6.05,5.75,5.66,5.58,5.24,4.92
45,Estimates,Zambia,,894,Country/Area,910,6.7,6.95,7.25,7.3,7.4,7.25,6.9,6.6,6.3,6.1,5.95,5.6,5.2,4.66
46,Estimates,Zimbabwe,,716,Country/Area,910,6.8,7,7.3,7.4,7.4,7.3,6.3,5.37,4.42,3.89,3.72,3.89,4.09,3.63
47,Estimates,Middle Africa,,911,Subregion,947,5.84,5.97,6.12,6.29,6.46,6.6,6.72,6.75,6.67,6.52,6.38,6.23,5.94,5.53
48,Estimates,Angola,,24,Country/Area,911,6,6.5,6.9,7.3,7.5,7.46,7.46,7.4,7.1,6.75,6.55,6.35,6,5.55
49,Estimates,Cameroon,,120,Country/Area,911,5.49,5.53,5.81,6.09,6.31,6.5,6.7,6.6,6.22,5.75,5.45,5.25,4.95,4.6
50,Estimates,Central African Republic,,140,Country/Area,911,5.52,5.75,5.9,5.95,5.95,5.9,5.9,5.9,5.7,5.55,5.45,5.3,5.1,4.75
51,Estimates,Chad,,148,Country/Area,911,6.1,6.2,6.3,6.4,6.67,6.87,7.04,7.21,7.39,7.41,7.24,6.85,6.31,5.8
52,Estimates,Congo,,178,Country/Area,911,5.68,5.79,5.99,6.19,6.3,6.25,5.8,5.3,5,4.9,4.85,4.8,4.7,4.45
53,Estimates,Democratic Republic of the Congo,,180,Country/Area,911,5.98,5.98,6.04,6.15,6.29,6.46,6.6,6.71,6.77,6.77,6.72,6.63,6.4,5.96
54,Estimates,Equatorial Guinea,,226,Country/Area,911,5.67,5.65,5.67,5.79,5.8,5.79,5.89,5.98,5.97,5.94,5.69,5.4,4.99,4.55
55,Estimates,Gabon,,266,Country/Area,911,3.99,4.2,4.59,4.93,5.23,5.57,5.72,5.58,5.25,4.77,4.35,4.2,4.1,4
56,Estimates,Sao Tome and Principe,,678,Country/Area,911,6.2,6.2,6.3,6.4,6.52,6.5,6.24,5.96,5.68,5.3,5.08,4.85,4.6,4.35
57,Estimates,Southern Africa,,913,Subregion,947,6.06,6.07,6.03,5.86,5.6,5.19,5.02,4.49,3.63,3,2.72,2.71,2.64,2.5
58,Estimates,Botswana,,72,Country/Area,913,6.5,6.58,6.65,6.7,6.55,6.35,5.95,4.9,4.13,3.49,3.19,3.03,3.01,2.89
59,Estimates,Eswatini,,748,Country/Area,913,6.7,6.7,6.81,6.85,6.87,6.73,6.57,5.49,4.78,4.14,3.76,3.56,3.14,3.03
60,Estimates,Lesotho,,426,Country/Area,913,5.84,5.86,5.81,5.8,5.8,5.69,5.42,4.98,4.46,3.96,3.66,3.37,3.26,3.16
61,Estimates,Namibia,,516,Country/Area,913,6,6.1,6.2,6.3,6.6,6.46,6.2,5.55,4.89,4.26,3.6,3.61,3.63,3.42
62,Estimates,South Africa,,710,Country/Area,913,6.05,6.05,6,5.8,5.5,5.05,4.9,4.4,3.51,2.88,2.61,2.63,2.55,2.41
63,Estimates,Western Africa,,914,Subregion,947,6.43,6.49,6.56,6.63,6.8,6.9,6.86,6.66,6.4,6.15,5.95,5.74,5.52,5.18
64,Estimates,Benin,,204,Country/Area,914,5.86,6.13,6.42,6.65,6.83,7,7.01,6.88,6.56,6.16,5.78,5.49,5.22,4.87
65,Estimates,Burkina Faso,,854,Country/Area,914,6.1,6.24,6.35,6.56,6.7,7.02,7.17,7.07,6.93,6.73,6.43,6.08,5.65,5.23
66,Estimates,Cabo Verde,,132,Country/Area,914,6.57,6.76,6.97,6.97,6.86,6.62,6.1,5.63,5.05,3.94,3.23,2.71,2.5,2.29
67,Estimates,Côte d'Ivoire,,384,Country/Area,914,7.45,7.62,7.76,7.9,7.93,7.81,7.31,6.85,6.41,6.05,5.68,5.25,4.95,4.68
68,Estimates,Gambia,,270,Country/Area,914,6.35,6.3,6.2,6.2,6.2,6.4,6.3,6.15,6.05,5.95,5.8,5.65,5.5,5.25
69,Estimates,Ghana,,288,Country/Area,914,6.44,6.64,6.84,6.95,6.9,6.69,6.35,5.88,5.34,5.02,4.64,4.37,4.18,3.89
70,Estimates,Guinea,,324,Country/Area,914,6,6.07,6.15,6.21,6.29,6.45,6.59,6.63,6.51,6.24,5.91,5.54,5.13,4.74
71,Estimates,Guinea-Bissau,,624,Country/Area,914,5.9,5.9,5.95,6,6.1,6.25,6.7,6.68,6.5,6.05,5.6,5.2,4.9,4.51
72,Estimates,Liberia,,430,Country/Area,914,6.27,6.35,6.47,6.59,6.8,6.93,6.96,6.72,6.27,6.05,5.65,5.2,4.75,4.35
73,Estimates,Mali,,466,Country/Area,914,6.95,6.95,7,7.1,7.15,7.15,7.15,7.15,7.15,6.95,6.85,6.7,6.35,5.92
74,Estimates,Mauritania,,478,Country/Area,914,6.34,6.71,6.79,6.79,6.75,6.57,6.3,6.05,5.72,5.52,5.3,5.07,4.88,4.59
75,Estimates,Niger,,562,Country/Area,914,7.3,7.4,7.5,7.55,7.6,7.75,7.9,7.8,7.75,7.7,7.65,7.55,7.35,6.95
76,Estimates,Nigeria,,566,Country/Area,914,6.35,6.35,6.35,6.35,6.61,6.76,6.76,6.6,6.37,6.17,6.05,5.91,5.74,5.42
77,Estimates,Senegal,,686,Country/Area,914,6.8,6.9,7.1,7.25,7.25,7.25,7.25,6.7,6.2,5.7,5.25,5.1,5,4.65
78,Estimates,Sierra Leone,,694,Country/Area,914,6.03,6.03,6.25,6.41,6.57,6.65,6.72,6.72,6.69,6.48,6.11,5.57,4.84,4.32
79,Estimates,Togo,,768,Country/Area,914,6.33,6.42,6.65,6.94,7.2,7.28,7.06,6.5,5.9,5.54,5.31,5.04,4.69,4.35
80,Estimates,NORTHERN AFRICA AND WESTERN ASIA,,1833,SDG region,1828,6.57,6.53,6.55,6.42,6.13,5.75,5.34,4.76,4.12,3.57,3.2,3.07,3.09,2.93
81,Estimates,Northern Africa,,912,Subregion,1833,6.8,6.87,6.94,6.83,6.53,6.19,5.74,5.05,4.22,3.54,3.15,3.11,3.34,3.25
82,Estimates,Algeria,,12,Country/Area,912,7.28,7.38,7.65,7.65,7.57,7.18,6.32,5.3,4.12,2.89,2.38,2.72,2.96,3.05
83,Estimates,Egypt,,818,Country/Area,912,6.75,6.75,6.65,6.45,6,5.7,5.49,5,4.15,3.6,3.15,3.02,3.45,3.33
84,Estimates,Libya,,434,Country/Area,912,7.14,7.2,7.3,7.99,8.1,7.67,6.68,5.71,4.22,3.2,2.64,2.5,2.45,2.25
85,Estimates,Morocco,,504,Country/Area,912,6.61,6.9,7.1,6.85,6.4,5.9,5.4,4.43,3.7,2.97,2.67,2.53,2.6,2.42
86,Estimates,Sudan,,729,Country/Area,912,6.65,6.65,6.75,6.86,6.9,6.92,6.63,6.3,6,5.65,5.3,5,4.75,4.43
87,Estimates,Tunisia,,788,Country/Area,912,6.65,6.85,6.99,6.92,6.39,5.65,4.82,4,2.98,2.34,2.04,2.02,2.25,2.2
88,Estimates,Western Sahara,,732,Country/Area,912,6.34,6.42,6.53,6.6,6.57,6.23,5.33,4.6,4,3.4,2.85,2.55,2.6,2.41
89,Estimates,Western Asia,,922,Subregion,1833,6.35,6.2,6.19,6.04,5.78,5.36,4.99,4.51,4.04,3.6,3.24,3.03,2.86,2.65
90,Estimates,Armenia,,51,Country/Area,922,4.49,4.9,4.45,3.45,3.04,2.6,2.5,2.6,2.38,1.75,1.65,1.72,1.72,1.76
91,Estimates,Azerbaijan,4,31,Country/Area,922,5.2,5.6,6,5.4,4.6,3.8,3.3,3.2,2.9,2.25,1.9,1.83,2.09,2.08
92,Estimates,Bahrain,,48,Country/Area,922,6.97,6.97,7.17,6.97,5.95,5.23,4.63,4.08,3.4,2.95,2.65,2.25,2.12,2
93,Estimates,Cyprus,5,196,Country/Area,922,3.71,3.5,3.44,2.8,2.49,2.29,2.45,2.43,2.33,1.89,1.59,1.48,1.38,1.34
94,Estimates,Georgia,6,268,Country/Area,922,2.75,2.91,2.93,2.8,2.6,2.39,2.27,2.26,2.05,1.72,1.58,1.8,2,2.06
95,Estimates,Iraq,,368,Country/Area,922,7.3,6.2,6.6,7.4,7.15,6.8,6.35,6.09,5.65,5.19,4.71,4.4,4.25,3.68
96,Estimates,Israel,,376,Country/Area,922,4.28,3.89,3.85,3.78,3.81,3.47,3.13,3.07,2.93,2.93,2.91,2.93,3.04,3.04
97,Estimates,Jordan,,400,Country/Area,922,7.38,7.38,8,8,7.79,7.38,7.05,6.02,5.06,4.3,4,3.8,3.4,2.77
98,Estimates,Kuwait,,414,Country/Area,922,7.2,7.2,7.3,7.4,6.75,5.6,5,3.65,2.55,3,2.6,2.4,2.1,2.1
99,Estimates,Lebanon,,422,Country/Area,922,5.74,5.72,5.69,5.23,4.67,4.23,3.75,3.5,3.2,2.65,2.2,1.9,2.08,2.09
100,Estimates,Oman,,512,Country/Area,922,7.25,7.25,7.25,7.31,7.41,8.1,8.32,7.85,6.27,4.46,3.2,2.9,2.9,2.93
101,Estimates,Qatar,,634,Country/Area,922,6.97,6.97,6.97,6.97,6.75,6.1,5.45,4.4,3.74,3.46,2.95,2.23,2,1.88
102,Estimates,Saudi Arabia,,682,Country/Area,922,7.18,7.18,7.26,7.26,7.3,7.28,7.02,6.22,5.55,4.4,3.65,3.23,2.73,2.34
103,Estimates,State of Palestine,7,275,Country/Area,922,7.38,7.38,8,8,7.69,7.5,7.05,6.76,6.6,5.81,5.02,4.6,4.25,3.67
104,Estimates,Syrian Arab Republic,,760,Country/Area,922,7.23,7.38,7.54,7.56,7.54,7.32,6.77,5.87,4.8,4.3,3.9,3.7,3.1,2.84
105,Estimates,Turkey,,792,Country/Area,922,6.69,6.5,6.2,5.8,5.39,4.69,4.11,3.39,2.9,2.65,2.37,2.2,2.12,2.08
106,Estimates,United Arab Emirates,,784,Country/Area,922,6.97,6.97,6.87,6.77,6.45,5.75,5.3,4.9,3.93,2.97,2.4,1.97,1.7,1.42
107,Estimates,Yemen,,887,Country/Area,922,7.8,7.9,8,8.25,8.5,8.6,8.8,8.8,8.2,6.8,5.9,5,4.4,3.84
108,Estimates,CENTRAL AND SOUTHERN ASIA,,921,SDG region,1828,6,6.03,6.05,5.9,5.64,5.27,4.98,4.54,4.03,3.6,3.21,2.87,2.54,2.41
109,Estimates,Central Asia,,5500,Subregion,921,4.86,5.32,5.57,5.16,5.03,4.51,4.14,4,3.58,2.89,2.53,2.67,2.76,2.75
110,Estimates,Kazakhstan,,398,Country/Area,5500,4.41,4.56,4.43,3.67,3.61,3.23,3.04,3.03,2.55,2,2.01,2.54,2.67,2.76
111,Estimates,Kyrgyzstan,,417,Country/Area,5500,4.36,5.2,5.55,5.21,5.12,4.59,4.2,4.06,3.64,2.96,2.5,2.78,3.3,3
112,Estimates,Tajikistan,,762,Country/Area,5500,5.4,6.2,6.8,7,6.83,5.9,5.6,5.5,4.88,4.29,3.72,3.61,3.61,3.61
113,Estimates,Turkmenistan,,795,Country/Area,5500,5.3,6.2,6.8,6.56,6.19,5.6,4.79,4.55,4.03,3.03,2.76,2.65,3,2.79
114,Estimates,Uzbekistan,,860,Country/Area,5500,5.3,5.9,6.5,6.4,6.16,5.46,4.8,4.4,3.95,3.1,2.51,2.49,2.43,2.43
115,Estimates,Southern Asia,,5501,Subregion,921,6.04,6.06,6.07,5.93,5.66,5.31,5.02,4.56,4.05,3.63,3.24,2.88,2.53,2.4
116,Estimates,Afghanistan,,4,Country/Area,5501,7.45,7.45,7.45,7.45,7.45,7.45,7.45,7.47,7.48,7.65,7.18,6.48,5.45,4.56
117,Estimates,Bangladesh,,50,Country/Area,5501,6.36,6.62,6.8,6.92,6.91,6.63,5.98,4.98,4.06,3.43,2.94,2.48,2.21,2.05
118,Estimates,Bhutan,,64,Country/Area,5501,6.67,6.67,6.6,6.6,6.6,6.6,6.35,5.9,5,4,3.1,2.55,2.12,2
119,Estimates,India,,356,Country/Area,5501,5.9,5.9,5.89,5.72,5.41,4.97,4.68,4.27,3.83,3.48,3.14,2.8,2.4,2.24
120,Estimates,Iran (Islamic Republic of),,364,Country/Area,5501,6.91,6.91,6.91,6.68,6.24,6.28,6.53,5.62,3.7,2.4,1.92,1.82,1.91,2.15
121,Estimates,Maldives,,462,Country/Area,5501,6.03,6.81,7.12,7.22,7.17,6.85,7.26,6.66,5.16,3.39,2.4,2.29,2.11,1.88
122,Estimates,Nepal,,524,Country/Area,5501,5.96,5.96,5.96,5.96,5.87,5.8,5.62,5.33,4.97,4.41,3.49,2.81,2.32,1.93
123,Estimates,Pakistan,,586,Country/Area,5501,6.6,6.6,6.6,6.6,6.6,6.6,6.44,6.3,5.96,5.37,4.71,4.17,3.78,3.55
124,Estimates,Sri Lanka,,144,Country/Area,5501,5.8,5.8,5.2,4.7,4,3.61,3.19,2.64,2.38,2.24,2.26,2.28,2.21,2.21
125,Estimates,EASTERN AND SOUTH-EASTERN ASIA,,1832,SDG region,1828,5.69,5.28,5.62,5.64,4.66,3.3,2.83,2.81,2.12,1.87,1.82,1.82,1.84,1.83
126,Estimates,Eastern Asia,,906,Subregion,1832,5.63,5.05,5.49,5.57,4.42,2.86,2.45,2.6,1.81,1.6,1.57,1.59,1.63,1.65
127,Estimates,China,8,156,Country/Area,906,6.11,5.48,6.15,6.3,4.85,3.01,2.52,2.73,1.83,1.62,1.61,1.62,1.64,1.69
128,Estimates,"China, Hong Kong SAR",9,344,Country/Area,906,4.44,4.72,5.05,3.65,3.01,2.23,1.72,1.36,1.26,1.06,0.95,1.04,1.2,1.33
129,Estimates,"China, Macao SAR",10,446,Country/Area,906,4.39,4.81,4.41,2.74,1.79,1.41,2.06,2,1.41,1.12,0.85,0.98,1.19,1.2
130,Estimates,"China, Taiwan Province of China",11,158,Country/Area,906,6.72,6.14,5.41,4.38,3.33,2.74,2.23,1.77,1.76,1.67,1.33,1.05,1.11,1.15
131,Estimates,Dem. People's Republic of Korea,,408,Country/Area,906,3.46,5.12,3.85,4.39,4,2.85,2.8,2.36,2.25,2.01,2,1.95,1.93,1.91
132,Estimates,Japan,,392,Country/Area,906,2.96,2.17,2.03,2.04,2.13,1.83,1.76,1.65,1.48,1.37,1.3,1.34,1.41,1.37
133,Estimates,Mongolia,,496,Country/Area,906,5.6,6.3,7.5,7.5,7.5,6.65,5.75,4.84,3.27,2.4,2.08,2.4,2.84,2.9
134,Estimates,Republic of Korea,,410,Country/Area,906,5.65,6.33,5.6,4.65,4,2.92,2.23,1.57,1.68,1.5,1.21,1.17,1.23,1.11
135,Estimates,South-Eastern Asia,,920,Subregion,1832,5.93,6.12,6.09,5.92,5.49,4.81,4.2,3.57,3.11,2.69,2.53,2.42,2.34,2.22
136,Estimates,Brunei Darussalam,,96,Country/Area,920,6.9,6.89,6.66,5.9,5.49,4.45,3.79,3.47,3.08,2.51,2.22,1.88,2.02,1.85
137,Estimates,Cambodia,,116,Country/Area,920,6.95,6.95,6.95,6.7,6.16,5.42,6.37,5.99,5.13,4.25,3.44,3.08,2.7,2.52
138,Estimates,Indonesia,,360,Country/Area,920,5.49,5.67,5.62,5.57,5.3,4.73,4.11,3.4,2.9,2.55,2.53,2.5,2.45,2.32
139,Estimates,Lao People's Democratic Republic,,418,Country/Area,920,5.94,5.96,5.97,5.98,5.99,6.15,6.36,6.27,5.88,4.81,3.9,3.4,2.93,2.7
140,Estimates,Malaysia,12,458,Country/Area,920,6.35,6.38,6.37,5.38,4.72,4.2,3.97,3.67,3.44,3.13,2.45,2.22,2.11,2.01
141,Estimates,Myanmar,,104,Country/Area,920,6,6,6.1,6.1,5.74,5.15,4.6,3.78,3.2,2.95,2.8,2.5,2.25,2.17
142,Estimates,Philippines,,608,Country/Area,920,7.42,7.27,6.98,6.54,5.98,5.46,4.92,4.53,4.14,3.9,3.7,3.3,3.05,2.58
143,Estimates,Singapore,,702,Country/Area,920,6.61,6.34,5.12,3.65,2.82,1.84,1.69,1.7,1.73,1.57,1.35,1.26,1.23,1.21
144,Estimates,Thailand,,764,Country/Area,920,6.14,6.14,6.13,5.99,5.05,3.92,2.95,2.3,1.99,1.77,1.6,1.56,1.53,1.53
145,Estimates,Timor-Leste,,626,Country/Area,920,6.55,6.4,6.2,5.8,5.5,5,5.5,5.4,5.6,5.8,6.25,5.3,4.4,4.1
146,Estimates,Viet Nam,,704,Country/Area,920,5.4,6.16,6.42,6.46,6.33,5.5,4.6,3.85,3.23,2.25,1.92,1.93,1.96,2.06
147,Estimates,LATIN AMERICA AND THE CARIBBEAN,,1830,SDG region,1828,5.83,5.85,5.83,5.46,4.92,4.44,3.94,3.45,3.08,2.77,2.49,2.26,2.14,2.04
148,Estimates,Caribbean,,915,Subregion,1830,5.27,5.2,5.49,4.97,4.35,3.61,3.39,3.11,2.8,2.63,2.49,2.38,2.31,2.2
149,Estimates,Antigua and Barbuda,,28,Country/Area,915,4.5,4.5,4.3,4,3.26,2.24,2.14,2.07,2.09,2.2,2.16,2,2,2
150,Estimates,Aruba,13,533,Country/Area,915,5.65,5.15,4.4,3.3,2.65,2.45,2.36,2.3,2.17,1.95,1.82,1.76,1.8,1.9
151,Estimates,Bahamas,,44,Country/Area,915,4.05,4.31,4.5,3.58,3.54,2.95,3.05,2.65,2.64,2.33,1.87,1.91,1.81,1.76
152,Estimates,Barbados,,52,Country/Area,915,4.42,4.3,4.27,3.53,2.72,2.16,1.92,1.77,1.73,1.74,1.8,1.75,1.63,1.62
153,Estimates,Cuba,,192,Country/Area,915,4.15,3.7,4.68,4.18,3.55,2.15,1.85,1.85,1.58,1.61,1.59,1.58,1.71,1.62
154,Estimates,Curaçao,13,531,Country/Area,915,5.07,5.1,4.4,3.8,2.87,2.45,2.25,2.3,2.28,2.13,2.26,2.18,2.12,1.76
155,Estimates,Dominican Republic,,214,Country/Area,915,7.6,7.64,7.35,6.65,5.68,4.76,4.07,3.58,3.27,2.95,2.75,2.57,2.45,2.36
156,Estimates,Grenada,,308,Country/Area,915,5.8,6.7,6.4,4.8,4.6,4.3,4.23,4.14,3.46,2.81,2.43,2.3,2.18,2.07
157,Estimates,Guadeloupe,2,312,Country/Area,915,5.61,5.61,5.61,5.22,4.49,3.52,2.55,2.45,2.1,2.1,2.19,2.25,2.19,2.17
158,Estimates,Haiti,,332,Country/Area,915,6.3,6.3,6.3,6,5.6,5.8,6.21,5.7,5.15,4.62,4.08,3.62,3.26,2.96
159,Estimates,Jamaica,,388,Country/Area,915,4.22,5.08,5.64,5.78,5,4,3.55,3.1,2.84,2.7,2.45,2.28,2.08,1.99
160,Estimates,Martinique,2,474,Country/Area,915,5.71,5.71,5.45,5,4.08,2.65,2.14,2.14,1.96,1.9,1.93,2.04,1.98,1.88
161,Estimates,Puerto Rico,14,630,Country/Area,915,4.97,4.82,4.37,3.41,2.99,2.76,2.46,2.26,2.18,1.99,1.85,1.72,1.5,1.22
162,Estimates,Saint Lucia,,662,Country/Area,915,6,6.94,6.79,6.48,5.69,5.2,4.2,3.65,3.15,2.6,1.85,1.6,1.51,1.44
163,Estimates,Saint Vincent and the Grenadines,,670,Country/Area,915,7.33,7.33,7.02,6.41,5.54,4.42,3.64,3.1,2.85,2.55,2.24,2.13,2.01,1.9
164,Estimates,Trinidad and Tobago,,780,Country/Area,915,5.3,5.3,5.04,3.81,3.45,3.24,3.28,2.75,2.18,1.82,1.75,1.8,1.8,1.73
165,Estimates,United States Virgin Islands,14,850,Country/Area,915,5.25,5.49,5.67,5.52,4.66,3.49,2.97,3.02,2.79,2.19,2.14,2.42,2.29,2.05
166,Estimates,Central America,,916,Subregion,1830,6.77,6.82,6.76,6.68,6.27,5.44,4.6,3.99,3.5,3.11,2.81,2.54,2.39,2.23
167,Estimates,Belize,,84,Country/Area,916,6.65,6.55,6.45,6.35,6.25,6.2,5.4,4.7,4.35,3.85,3.35,2.84,2.58,2.32
168,Estimates,Costa Rica,,188,Country/Area,916,6.12,6.65,6.5,5.26,4.06,3.7,3.5,3.41,3.07,2.61,2.15,1.94,1.85,1.76
169,Estimates,El Salvador,,222,Country/Area,916,6.36,6.6,6.67,6.36,5.95,5.44,4.75,4.17,3.78,3.34,2.72,2.4,2.17,2.05
170,Estimates,Guatemala,,320,Country/Area,916,7.12,6.99,6.8,6.7,6.58,6.46,6.16,5.58,5.31,4.83,4.33,3.62,3.19,2.9
171,Estimates,Honduras,,340,Country/Area,916,7.5,7.5,7.42,7.42,7.05,6.6,6,5.37,4.92,4.56,3.87,3.24,2.73,2.49
172,Estimates,Mexico,,484,Country/Area,916,6.75,6.78,6.75,6.75,6.32,5.33,4.37,3.75,3.23,2.85,2.61,2.4,2.29,2.14
173,Estimates,Nicaragua,,558,Country/Area,916,7.2,7.45,7.2,6.95,6.75,6.35,5.85,5,4.2,3.4,2.91,2.68,2.54,2.42
174,Estimates,Panama,,591,Country/Area,916,5.76,5.87,5.79,5.41,4.88,4.19,3.63,3.24,2.92,2.81,2.68,2.63,2.6,2.47
175,Estimates,South America,,931,Subregion,1830,5.62,5.63,5.58,5.12,4.54,4.2,3.77,3.3,2.95,2.66,2.36,2.13,2.02,1.95
176,Estimates,Argentina,,32,Country/Area,931,3.15,3.13,3.09,3.05,3.15,3.4,3.15,3.05,2.91,2.63,2.48,2.37,2.33,2.27
177,Estimates,Bolivia (Plurinational State of),,68,Country/Area,931,6.5,6.4,6.3,6.1,5.9,5.65,5.3,5.07,4.68,4.25,3.85,3.4,3.05,2.75
178,Estimates,Brazil,,76,Country/Area,931,6.1,6.06,5.97,5.34,4.63,4.24,3.8,3.14,2.72,2.47,2.13,1.86,1.77,1.74
179,Estimates,Chile,,152,Country/Area,931,4.85,4.75,4.58,4.08,3.47,2.94,2.63,2.6,2.52,2.2,1.95,1.9,1.85,1.65
180,Estimates,Colombia,,170,Country/Area,931,6.51,6.68,6.64,5.86,4.72,4.16,3.58,3.17,3.01,2.7,2.44,2.1,1.92,1.82
181,Estimates,Ecuador,,218,Country/Area,931,6.75,6.75,6.65,6.4,5.8,5.05,4.45,3.97,3.55,3.27,2.94,2.69,2.56,2.44
182,Estimates,French Guiana,2,254,Country/Area,931,5,4.92,5.02,5,4.18,3.3,3.58,3.73,4.05,3.93,3.65,3.6,3.42,3.36
183,Estimates,Guyana,,328,Country/Area,931,6.04,6.45,6.15,5.7,4.99,4.06,3.64,3.13,3.08,3.05,2.95,2.73,2.6,2.47
184,Estimates,Paraguay,,600,Country/Area,931,6.5,6.5,6.45,6.15,5.35,5.2,5.12,4.77,4.31,3.88,3.24,2.89,2.6,2.45
185,Estimates,Peru,,604,Country/Area,931,6.95,6.95,6.88,6.55,6.03,5.37,4.73,4.2,3.62,3.05,2.72,2.68,2.4,2.27
186,Estimates,Suriname,,740,Country/Area,931,6.56,6.56,6.56,5.95,5.29,4.2,3.7,3.36,3.19,2.96,2.83,2.67,2.56,2.43
187,Estimates,Uruguay,,858,Country/Area,931,2.73,2.83,2.9,2.8,3,2.89,2.57,2.53,2.49,2.3,2.18,2.03,2.01,1.98
188,Estimates,Venezuela (Bolivarian Republic of),,862,Country/Area,931,6.46,6.46,6.18,5.7,4.94,4.47,3.96,3.65,3.25,2.94,2.72,2.55,2.4,2.28
189,Estimates,AUSTRALIA/NEW ZEALAND,,927,SDG region,1828,3.27,3.53,3.38,2.96,2.59,2.02,1.92,1.89,1.9,1.82,1.8,1.98,1.91,1.84
190,Estimates,Australia,15,36,Country/Area,927,3.18,3.41,3.27,2.87,2.54,1.99,1.91,1.86,1.86,1.79,1.77,1.95,1.89,1.83
191,Estimates,New Zealand,16,554,Country/Area,927,3.69,4.07,3.85,3.35,2.84,2.18,1.97,2.03,2.07,1.95,1.95,2.14,2.04,1.9
192,Estimates,OCEANIA (EXCLUDING AUSTRALIA AND NEW ZEALAND),,1835,SDG region,1828,6.34,6.39,6.31,6.06,5.79,5.5,5.12,4.68,4.41,4.28,4.05,3.85,3.65,3.46
193,Estimates,Melanesia,,928,Subregion,1835,6.3,6.34,6.24,6.04,5.83,5.58,5.2,4.75,4.51,4.41,4.17,3.95,3.73,3.53
194,Estimates,Fiji,,242,Country/Area,928,6.63,6.79,5.95,5,4.2,4,3.8,3.47,3.35,3.19,2.98,2.75,2.79,2.79
195,Estimates,New Caledonia,2,540,Country/Area,928,5.22,5.22,5.22,5.21,5.2,3.91,3.34,3.12,2.92,2.59,2.32,2.28,2.18,1.97
196,Estimates,Papua New Guinea,,598,Country/Area,928,6.24,6.26,6.28,6.21,6.09,5.87,5.47,4.97,4.7,4.64,4.39,4.13,3.84,3.59
197,Estimates,Solomon Islands,,90,Country/Area,928,6.4,6.4,6.4,6.54,7.24,7.04,6.43,6.13,5.53,4.91,4.6,4.4,4.44,4.44
198,Estimates,Vanuatu,,548,Country/Area,928,7.6,7.35,7,6.46,6.11,5.75,5.4,5.04,4.83,4.59,4.4,4.2,4,3.8
199,Estimates,Micronesia,,954,Subregion,1835,6.25,6.43,6.46,5.85,5.3,4.84,4.45,4.09,3.72,3.44,3.13,3.13,3.02,2.86
200,Estimates,Guam,14,316,Country/Area,954,5.53,5.83,6.03,4.72,4.12,3.52,3.08,3.14,2.88,2.88,2.74,2.54,2.45,2.32
201,Estimates,Kiribati,,296,Country/Area,954,6.1,6.6,6.78,6.04,5,5.1,5,4.8,4.55,4.2,3.96,3.88,3.79,3.58
202,Estimates,Micronesia (Fed. States of),,583,Country/Area,954,7.2,7,6.9,6.9,6.9,6.4,6,5.2,4.79,4.53,4.05,3.62,3.33,3.08
203,Estimates,Polynesia,17,957,Subregion,1835,6.78,6.87,6.82,6.4,5.76,5.23,4.81,4.37,3.97,3.55,3.33,3.17,2.94,2.76
204,Estimates,French Polynesia,2,258,Country/Area,957,6,5.86,5.44,5.2,4.86,4.23,3.82,3.64,3.11,2.61,2.36,2.17,2.04,1.95
205,Estimates,Samoa,,882,Country/Area,957,7.63,7.63,7.63,7.35,7,6.49,5.91,5.35,4.92,4.62,4.44,4.47,4.16,3.9
206,Estimates,Tonga,,776,Country/Area,957,7.3,7.3,7.3,6.5,5.5,5.5,5.5,4.74,4.62,4.29,4.23,4.03,3.79,3.58
207,Estimates,EUROPE AND NORTHERN AMERICA,,1829,SDG region,1828,2.8,2.87,2.74,2.42,2.14,1.92,1.85,1.83,1.7,1.58,1.6,1.7,1.68,1.66
208,Estimates,EUROPE,,917,SDG subregion,1829,2.66,2.66,2.57,2.37,2.17,1.98,1.88,1.81,1.57,1.43,1.43,1.56,1.6,1.61
209,Estimates,Eastern Europe,,923,Subregion,917,2.92,2.82,2.43,2.15,2.14,2.07,2.08,2.1,1.63,1.29,1.26,1.43,1.57,1.66
210,Estimates,Belarus,,112,Country/Area,923,2.61,2.73,2.59,2.28,2.25,2.09,2.09,2.08,1.68,1.31,1.26,1.44,1.65,1.71
211,Estimates,Bulgaria,,100,Country/Area,923,2.53,2.3,2.22,2.13,2.16,2.19,2.01,1.95,1.55,1.2,1.25,1.52,1.52,1.56
212,Estimates,Czechia,,203,Country/Area,923,2.74,2.38,2.21,1.96,2.21,2.36,1.97,1.9,1.65,1.17,1.19,1.43,1.48,1.64
213,Estimates,Hungary,,348,Country/Area,923,2.69,2.32,1.81,1.98,2.04,2.25,1.81,1.82,1.74,1.38,1.3,1.33,1.33,1.49
214,Estimates,Poland,,616,Country/Area,923,3.63,3.47,2.72,2.33,2.23,2.23,2.31,2.16,1.95,1.51,1.26,1.37,1.33,1.42
215,Estimates,Republic of Moldova,18,498,Country/Area,923,3.5,3.44,3.15,2.66,2.56,2.44,2.55,2.64,2.11,1.7,1.24,1.27,1.28,1.26
216,Estimates,Romania,,642,Country/Area,923,3.06,2.74,2.1,2.87,2.65,2.55,2.22,2.27,1.51,1.32,1.29,1.51,1.51,1.62
217,Estimates,Russian Federation,,643,Country/Area,923,2.85,2.82,2.55,2.02,2.03,1.94,2.04,2.12,1.55,1.25,1.3,1.46,1.7,1.82
218,Estimates,Slovakia,,703,Country/Area,923,3.5,3.24,2.91,2.54,2.51,2.46,2.27,2.15,1.87,1.4,1.22,1.32,1.38,1.5
219,Estimates,Ukraine,19,804,Country/Area,923,2.81,2.7,2.13,2.02,2.08,1.98,2,1.95,1.62,1.24,1.15,1.38,1.49,1.44
220,Estimates,Northern Europe,,924,Subregion,917,2.32,2.51,2.71,2.49,2.06,1.8,1.8,1.85,1.8,1.7,1.66,1.85,1.84,1.75
221,Estimates,Channel Islands,20,830,Country/Area,924,2.06,2.22,2.56,2.36,1.86,1.52,1.44,1.45,1.52,1.58,1.47,1.56,1.58,1.5
222,Estimates,Denmark,21,208,Country/Area,924,2.55,2.55,2.58,2.27,1.96,1.68,1.43,1.54,1.75,1.76,1.76,1.85,1.73,1.76
223,Estimates,Estonia,,233,Country/Area,924,2.06,1.99,1.94,2.02,2.15,2.06,2.09,2.2,1.63,1.33,1.39,1.66,1.59,1.59
224,Estimates,Finland,22,246,Country/Area,924,3,2.77,2.66,2.19,1.62,1.66,1.69,1.66,1.82,1.74,1.75,1.84,1.77,1.53
225,Estimates,Iceland,,352,Country/Area,924,3.86,4.17,3.94,3.24,2.87,2.45,2.23,2.12,2.19,2.06,1.99,2.13,1.98,1.77
226,Estimates,Ireland,,372,Country/Area,924,3.42,3.58,4.01,3.86,3.73,3.25,2.83,2.26,1.96,1.9,1.93,2,1.97,1.84
227,Estimates,Latvia,,428,Country/Area,924,2,1.95,1.88,1.84,2,1.89,2.03,2.16,1.63,1.17,1.29,1.49,1.5,1.72
228,Estimates,Lithuania,,440,Country/Area,924,2.84,2.66,2.43,2.3,2.3,2.1,2.04,2.06,1.82,1.47,1.28,1.42,1.59,1.67
229,Estimates,Norway,23,578,Country/Area,924,2.6,2.84,2.9,2.8,2.35,1.81,1.69,1.8,1.89,1.86,1.81,1.92,1.82,1.68
230,Estimates,Sweden,,752,Country/Area,924,2.24,2.25,2.31,2.17,1.91,1.66,1.64,1.91,2.01,1.56,1.67,1.89,1.9,1.85
231,Estimates,United Kingdom,24,826,Country/Area,924,2.18,2.49,2.81,2.57,2.01,1.73,1.78,1.84,1.78,1.74,1.66,1.86,1.87,1.75
232,Estimates,Southern Europe,,925,Subregion,917,2.68,2.62,2.7,2.68,2.56,2.24,1.83,1.56,1.41,1.34,1.37,1.47,1.4,1.37
233,Estimates,Albania,,8,Country/Area,925,6.23,6.55,6.23,5.26,4.6,3.9,3.41,3.15,2.79,2.38,1.95,1.64,1.71,1.62
234,Estimates,Bosnia and Herzegovina,,70,Country/Area,925,4.82,3.97,3.68,3.14,2.73,2.27,2.02,1.86,1.7,1.68,1.32,1.31,1.31,1.27
235,Estimates,Croatia,,191,Country/Area,925,2.73,2.38,2.22,2,1.98,1.9,1.87,1.72,1.52,1.62,1.41,1.52,1.49,1.45
236,Estimates,Greece,,300,Country/Area,925,2.48,2.42,2.29,2.55,2.53,2.42,2.06,1.53,1.38,1.31,1.29,1.42,1.34,1.3
237,Estimates,Italy,,380,Country/Area,925,2.36,2.29,2.5,2.5,2.32,1.89,1.52,1.35,1.27,1.22,1.31,1.44,1.42,1.33
238,Estimates,Malta,,470,Country/Area,925,4.15,3.8,3.15,2.12,2.01,2.12,1.97,2.03,2.01,1.85,1.47,1.39,1.4,1.45
239,Estimates,Montenegro,,499,Country/Area,925,4.35,3.8,3.42,2.89,2.62,2.31,2.21,2.11,2.05,1.91,1.85,1.82,1.71,1.75
240,Estimates,North Macedonia,,807,Country/Area,925,5.06,4.14,3.65,3.44,2.86,2.54,2.45,2.27,2.12,1.83,1.64,1.46,1.5,1.5
241,Estimates,Portugal,,620,Country/Area,925,3.1,3.12,3.19,3.12,2.83,2.55,2.01,1.62,1.48,1.46,1.45,1.37,1.28,1.29
242,Estimates,Serbia,25,688,Country/Area,925,3.22,2.57,2.51,2.43,2.36,2.37,2.32,2.23,1.96,1.83,1.71,1.58,1.46,1.46
243,Estimates,Slovenia,,705,Country/Area,925,2.68,2.38,2.34,2.27,2.2,2.16,1.93,1.65,1.33,1.25,1.21,1.44,1.58,1.6
244,Estimates,Spain,26,724,Country/Area,925,2.53,2.7,2.81,2.84,2.85,2.55,1.88,1.46,1.28,1.19,1.28,1.45,1.33,1.33
245,Estimates,Western Europe,,926,Subregion,917,2.39,2.49,2.65,2.47,1.96,1.65,1.62,1.57,1.49,1.52,1.58,1.64,1.67,1.68
246,Estimates,Austria,,40,Country/Area,926,2.1,2.57,2.78,2.57,2.04,1.65,1.6,1.45,1.48,1.39,1.38,1.4,1.45,1.53
247,Estimates,Belgium,,56,Country/Area,926,2.37,2.5,2.65,2.39,2.01,1.7,1.6,1.56,1.61,1.6,1.68,1.82,1.78,1.71
248,Estimates,France,27,250,Country/Area,926,2.76,2.7,2.85,2.65,2.31,1.86,1.86,1.8,1.71,1.76,1.88,1.98,1.98,1.85
249,Estimates,Germany,,276,Country/Area,926,2.13,2.27,2.47,2.36,1.71,1.51,1.46,1.43,1.3,1.35,1.35,1.36,1.43,1.59
250,Estimates,Luxembourg,,442,Country/Area,926,1.98,2.23,2.4,2.19,1.72,1.49,1.47,1.47,1.66,1.72,1.65,1.62,1.55,1.45
251,Estimates,Netherlands,28,528,Country/Area,926,3.05,3.1,3.17,2.79,2.1,1.6,1.51,1.55,1.59,1.6,1.74,1.75,1.73,1.66
252,Estimates,Switzerland,,756,Country/Area,926,2.31,2.39,2.6,2.36,1.87,1.54,1.54,1.55,1.54,1.48,1.41,1.47,1.53,1.54
253,Estimates,NORTHERN AMERICA,,918,SDG subregion,1829,3.34,3.61,3.28,2.55,2.02,1.77,1.79,1.88,2,1.95,1.99,2.01,1.85,1.75
254,Estimates,Canada,,124,Country/Area,918,3.65,3.88,3.68,2.61,1.98,1.73,1.63,1.62,1.69,1.56,1.52,1.64,1.6,1.53
255,Estimates,United States of America,29,840,Country/Area,918,3.31,3.58,3.23,2.54,2.03,1.77,1.8,1.91,2.03,2,2.04,2.06,1.88,1.78
